project_id,final_cost,actual_completion_date,final_overrun_ratio,final_delay_days,cost_overrun_label,delay_label
P0001,4516.28,2027-09-04,0.1392,65,1,1
P0002,895.38,2028-02-14,0.0903,105,0,1
P0003,4786.64,2027-05-26,0.1559,55,1,1
P0004,4146.42,2027-08-05,-0.0048,4,0,0
P0005,2120.94,2027-02-20,0.1271,19,1,0
P0006,5456.92,2026-11-01,0.1145,0,1,0
P0007,3200.2,2028-05-13,0.4057,164,1,1
P0008,3386.7,2026-12-01,0.1991,0,1,0
P0009,1813.77,2027-04-01,0.3036,212,1,1
P0010,1374.88,2028-08-25,0.2095,146,1,1
P0011,1874.36,2026-07-19,0.1803,48,1,1
P0012,519.43,2027-01-14,0.096,105,0,1
P0013,2666.56,2027-02-21,0.4441,82,1,1
P0014,6295.39,2028-06-19,0.454,201,1,1
P0015,1709.12,2028-07-05,0.2848,186,1,1
P0016,3095.85,2026-02-01,0.2765,153,1,1
P0017,2164.59,2026-08-04,0.0375,3,0,0
P0018,4051.03,2026-03-01,0.1356,0,1,0
P0019,1119.86,2025-11-02,0.0949,32,0,1
P0020,2091.12,2025-11-27,0.1452,26,1,0
P0021,862.54,2028-02-08,0.0684,69,0,1
P0022,4994.62,2026-09-01,0.0479,0,0,0
P0023,4714.93,2027-04-05,0.1726,94,1,1
P0024,4946.52,2026-11-03,0.192,186,1,1
P0025,4224.29,2026-06-12,0.2285,103,1,1
P0026,867.21,2028-05-19,0.0347,18,0,0
P0027,2687.25,2027-12-13,0.0407,12,0,0
P0028,1760.53,2026-03-15,0.0714,14,0,0
P0029,1697.19,2026-07-01,0.2458,0,1,0
P0030,3865.88,2026-02-08,0.1091,130,1,1
P0031,5071.18,2026-11-01,0.067,0,0,0
P0032,3009.03,2027-04-27,0.1463,85,1,1
P0033,4040.59,2027-04-01,0.0509,0,0,0
P0034,1719.98,2026-07-02,0.1643,31,1,1
P0035,2665.85,2026-06-29,0.2254,89,1,1
P0036,1910.36,2026-12-29,0.0407,28,0,0
P0037,2638.04,2027-01-21,0.2317,20,1,0
P0038,2962.87,2028-01-02,0.2417,62,1,1
P0039,1146.39,2028-10-09,0.4027,161,1,1
P0040,1629.71,2027-01-01,0.0029,0,0,0
P0041,1388.97,2027-03-01,0.089,0,0,0
P0042,2249.03,2028-01-23,0.1856,144,1,1
P0043,559.91,2027-03-01,0.246,151,1,1
P0044,4920.0,2027-01-05,0.1528,126,1,1
P0045,2277.36,2027-05-18,0.2241,106,1,1
P0046,1019.29,2027-12-01,0.2234,61,1,1
P0047,3600.35,2025-12-05,0.0487,34,0,1
P0048,3636.44,2026-09-01,0.1415,0,1,0
P0049,4516.25,2026-11-12,0.1328,72,1,1
P0050,2121.38,2027-12-25,0.134,54,1,1
P0051,1977.91,2027-12-28,0.2124,118,1,1
P0052,3598.15,2026-06-20,0.1114,50,1,1
P0053,766.72,2027-06-13,0.1922,104,1,1
P0054,4037.03,2027-02-10,0.0023,9,0,0
P0055,1385.26,2028-04-30,0.2811,242,1,1
P0056,3329.29,2027-07-13,0.2173,103,1,1
P0057,7243.01,2028-04-18,0.496,261,1,1
P0058,4979.65,2026-08-14,0.2239,44,1,1
P0059,4082.42,2027-07-01,0.0361,0,0,0
P0060,1614.19,2026-05-03,0.0578,32,0,1
P0061,1357.6,2026-12-01,0.0269,0,0,0
P0062,4006.35,2027-09-15,-0.0075,14,0,0
P0063,1190.49,2027-04-11,0.2446,69,1,1
P0064,1600.4,2026-10-27,0.1868,56,1,1
P0065,930.51,2026-12-26,-0.0178,25,0,0
P0066,4851.17,2027-06-26,0.1937,86,1,1
P0067,3962.67,2025-10-21,0.1553,20,1,0
P0068,724.5,2026-01-01,0.0975,0,0,0
P0069,2950.44,2027-02-06,0.0037,36,0,1
P0070,1420.56,2027-10-01,0.0822,0,0,0
P0071,2269.89,2026-05-22,-0.0049,51,0,1
P0072,967.24,2027-10-16,0.0863,15,0,0
P0073,4844.02,2026-05-06,0.079,94,0,1
P0074,4458.44,2026-12-13,0.1103,42,1,1
P0075,3864.69,2027-07-25,0.2249,85,1,1
P0076,3159.68,2027-04-01,0.0311,0,0,0
P0077,2580.08,2026-09-16,0.1173,15,1,0
P0078,1111.49,2027-04-01,0.0224,0,0,0
P0079,2587.43,2026-05-13,0.0356,12,0,0
P0080,5297.04,2027-07-26,0.1554,55,1,1
P0081,1078.01,2027-04-28,0.3193,148,1,1
P0082,3245.21,2027-03-01,0.0834,0,0,0
P0083,2524.94,2027-07-07,0.1008,67,1,1
P0084,3421.93,2027-05-28,0.2,57,1,1
P0085,5807.98,2028-10-21,0.2997,203,1,1
P0086,2107.61,2027-10-01,0.0996,0,0,0
P0087,1909.96,2027-02-16,0.0209,15,0,0
P0088,387.32,2027-01-27,0.0638,26,0,0
P0089,3476.53,2027-08-29,-0.0063,59,0,1
P0090,4412.28,2028-03-13,0.0609,41,0,1
P0091,2267.54,2027-07-24,0.1128,53,1,1
P0092,3388.76,2025-10-01,0.0088,0,0,0
P0093,487.18,2027-09-04,0.0516,3,0,0
P0094,1051.07,2027-10-14,-0.0168,13,0,0
P0095,4063.73,2026-12-01,0.0486,0,0,0
P0096,2326.5,2026-05-01,0.0137,0,0,0
P0097,4844.92,2027-08-21,0.2386,20,1,0
P0098,1051.16,2028-05-01,0.077,0,0,0
P0099,4234.44,2028-01-20,0.0056,50,0,1
P0100,4522.34,2026-12-11,0.0623,10,0,0
P0101,4252.81,2027-02-25,-0.007,55,0,1
P0102,2179.81,2027-12-31,0.0595,60,0,1
P0103,4408.13,2027-10-19,0.2244,48,1,1
P0104,6590.5,2027-05-20,0.3379,80,1,1
P0105,3992.15,2026-05-03,0.0816,32,0,1
P0106,1244.53,2027-02-01,0.0877,0,0,0
P0107,3366.73,2027-11-27,0.0769,87,0,1
P0108,2161.57,2026-04-01,0.1168,0,1,0
P0109,408.09,2026-04-22,0.0543,80,0,1
P0110,1009.98,2026-10-19,0.1037,110,1,1
P0111,3513.87,2028-08-14,0.3403,257,1,1
P0112,3549.34,2027-03-26,0.4841,115,1,1
P0113,3545.6,2027-08-23,0.0511,83,0,1
P0114,3636.79,2027-04-07,0.0902,96,0,1
P0115,4339.39,2028-07-01,0.243,151,1,1
P0116,2813.43,2028-11-04,0.3208,277,1,1
P0117,3406.21,2027-10-01,0.0752,0,0,0
P0118,5242.47,2026-12-02,0.1144,1,1,0
P0119,5872.0,2027-10-05,0.2009,126,1,1
P0120,548.58,2027-09-19,0.5,141,1,1
P0121,1326.53,2026-09-04,0.0161,34,0,1
P0122,4453.68,2027-11-03,0.2215,33,1,1
P0123,1579.4,2027-04-04,0.0959,3,0,0
P0124,2997.83,2027-04-08,0.1633,66,1,1
P0125,3692.96,2027-11-07,0.0919,67,0,1
P0126,5837.47,2025-11-21,0.5162,20,1,0
P0127,1030.34,2027-10-11,0.0636,71,0,1
P0128,1216.66,2027-06-22,0.2262,141,1,1
P0129,1032.4,2028-03-01,0.0958,0,0,0
P0130,4976.97,2026-03-06,0.0938,5,0,0
P0131,2594.5,2027-10-22,0.2402,51,1,1
P0132,2050.23,2027-02-28,0.1653,119,1,1
P0133,7404.86,2027-05-06,0.5241,186,1,1
P0134,646.75,2027-11-23,0.2164,114,1,1
P0135,3465.78,2028-02-25,-0.007,24,0,0
P0136,5096.57,2027-07-03,0.0987,32,0,1
P0137,2819.22,2026-12-21,0.059,20,0,0
P0138,4936.18,2027-04-29,0.267,149,1,1
P0139,3045.73,2027-04-15,0.0532,73,0,1
P0140,1066.34,2027-08-05,0.4912,126,1,1
P0141,857.58,2027-06-09,0.0513,8,0,0
P0142,1053.66,2026-06-27,0.0089,57,0,1
P0143,2033.17,2027-02-01,0.1373,31,1,1
P0144,3261.59,2026-07-19,0.0276,18,0,0
P0145,852.84,2027-05-22,0.0207,21,0,0
P0146,4605.55,2026-08-11,0.0333,10,0,0
P0147,1690.72,2026-04-18,0.1099,17,1,0
P0148,3758.65,2027-03-23,0.1808,81,1,1
P0149,1598.54,2025-12-01,0.082,0,0,0
P0150,1664.13,2028-03-20,0.0854,110,0,1
P0151,4178.31,2027-02-12,0.4396,256,1,1
P0152,2693.15,2027-10-25,0.1252,85,1,1
P0153,347.75,2027-07-05,0.0082,34,0,1
P0154,1153.2,2027-05-01,0.0053,0,0,0
P0155,4913.47,2026-03-06,0.4053,95,1,1
P0156,2705.1,2026-10-01,-0.0007,61,0,1
P0157,1669.68,2026-10-03,0.2057,216,1,1
P0158,3155.63,2026-09-01,0.051,0,0,0
P0159,3444.26,2028-02-01,0.244,0,1,0
P0160,3136.09,2027-05-01,0.1917,0,1,0
P0161,1144.26,2026-01-01,0.1976,0,1,0
P0162,647.17,2027-03-25,0.3844,205,1,1
P0163,2381.42,2026-01-01,0.0802,0,0,0
P0164,3134.35,2027-06-19,0.0024,18,0,0
P0165,1884.79,2027-09-01,0.1898,92,1,1
P0166,937.84,2027-07-20,0.1611,80,1,1
P0167,5538.59,2026-08-12,0.184,42,1,1
P0168,5727.01,2028-02-09,0.5184,253,1,1
P0169,1522.06,2027-05-06,-0.0161,35,0,1
P0170,1037.62,2027-02-27,0.164,57,1,1
P0171,2970.45,2026-12-01,0.0137,0,0,0
P0172,4814.74,2027-02-16,0.1432,46,1,1
P0173,420.9,2026-11-30,0.1788,60,1,1
P0174,2539.02,2026-12-01,0.0361,0,0,0
P0175,3927.83,2027-05-14,0.1077,43,1,1
P0176,4597.42,2027-11-26,0.5422,178,1,1
P0177,589.47,2026-04-10,0.1599,130,1,1
P0178,3965.71,2027-09-01,0.0597,0,0,0
P0179,2401.25,2026-10-10,0.2368,70,1,1
P0180,6178.45,2027-07-29,0.4075,119,1,1
P0181,5388.33,2028-07-07,0.2204,128,1,1
P0182,2866.05,2027-03-25,0.0121,52,0,1
P0183,3979.0,2027-05-14,0.0632,43,0,1
P0184,2146.1,2025-11-18,0.2994,48,1,1
P0185,3949.18,2026-04-01,0.0604,0,0,0
P0186,5011.42,2026-08-27,0.0497,26,0,0
P0187,3451.06,2028-01-24,0.2493,23,1,0
P0188,656.73,2026-07-15,0.4842,226,1,1
P0189,723.45,2028-01-04,0.2208,248,1,1
P0190,842.75,2027-08-17,0.0856,16,0,0
P0191,1586.08,2026-05-29,0.0851,58,0,1
P0192,3003.35,2027-05-12,0.4361,315,1,1
P0193,478.01,2026-03-01,-0.0091,0,0,0
P0194,2557.43,2026-12-09,0.1503,161,1,1
P0195,2140.67,2026-12-01,0.027,0,0,0
P0196,3613.79,2027-08-03,0.0952,2,0,0
P0197,3724.08,2027-10-02,0.1219,31,1,1
P0198,4850.82,2026-06-22,0.1556,21,1,0
P0199,4603.5,2025-09-01,0.0664,0,0,0
P0200,2397.31,2027-07-01,0.0208,0,0,0
P0201,489.58,2027-11-27,0.1722,118,1,1
P0202,5836.1,2027-04-28,0.2348,58,1,1
P0203,1857.18,2026-10-01,0.0273,0,0,0
P0204,950.06,2026-11-26,0.0032,25,0,0
P0205,1948.31,2026-11-03,0.1109,63,1,1
P0206,3668.57,2025-12-01,-0.0,0,0,0
P0207,1913.95,2027-12-29,0.4686,89,1,1
P0208,4939.61,2027-02-01,0.0797,0,0,0
P0209,3101.68,2028-02-26,0.1534,87,1,1
P0210,1594.94,2027-04-06,0.0226,36,0,1
P0211,4870.4,2026-02-03,0.2178,94,1,1
P0212,5214.95,2027-01-10,0.2044,40,1,1
P0213,4590.16,2027-07-08,0.0126,37,0,1
P0214,3151.25,2027-04-20,0.0514,19,0,0
P0215,4325.4,2026-11-01,0.0073,0,0,0
P0216,2935.1,2028-04-26,0.3617,116,1,1
P0217,4077.49,2027-02-22,0.1548,144,1,1
P0218,2087.09,2027-07-17,0.0399,46,0,1
P0219,3876.26,2026-06-01,-0.0153,0,0,0
P0220,1074.56,2027-05-09,0.0082,8,0,0
P0221,4414.3,2027-10-28,0.1714,88,1,1
P0222,1382.61,2027-11-16,0.1872,138,1,1
P0223,2857.89,2027-09-12,0.2816,134,1,1
P0224,3648.25,2027-06-12,0.2775,72,1,1
P0225,740.37,2026-08-28,0.2406,88,1,1
P0226,5348.12,2026-12-18,0.0983,17,0,0
P0227,5081.49,2027-03-25,0.4569,236,1,1
P0228,3759.08,2028-04-21,0.0884,111,0,1
P0229,5179.09,2026-12-08,0.1463,68,1,1
P0230,3161.07,2027-12-28,0.3992,27,1,0
P0231,4850.23,2027-02-03,0.312,155,1,1
P0232,7212.35,2027-04-14,0.4905,103,1,1
P0233,5536.1,2026-06-20,0.1256,111,1,1
P0234,2149.26,2027-04-13,0.2065,71,1,1
P0235,2733.68,2027-11-24,0.1774,176,1,1
P0236,2304.53,2026-08-29,0.0178,28,0,0
P0237,2904.99,2027-05-05,0.2415,124,1,1
P0238,5532.3,2027-07-10,0.1862,131,1,1
P0239,1552.01,2027-08-31,0.0788,30,0,0
P0240,5085.16,2027-02-19,0.225,80,1,1
P0241,2989.0,2026-09-01,0.0689,0,0,0
P0242,4521.51,2028-02-10,0.279,162,1,1
P0243,4333.77,2027-04-01,0.0778,0,0,0
P0244,7510.06,2027-05-15,0.5214,103,1,1
P0245,4223.75,2027-02-01,0.0632,0,0,0
P0246,1757.64,2026-12-18,0.0922,47,0,1
P0247,4355.95,2027-04-27,0.0651,26,0,0
P0248,4691.56,2028-07-26,0.1541,147,1,1
P0249,2986.56,2026-10-07,0.0843,98,0,1
P0250,739.54,2026-11-01,0.0803,0,0,0
P0251,4950.02,2025-10-27,0.2008,56,1,1
P0252,1663.86,2027-10-09,0.1544,38,1,1
P0253,2506.79,2027-07-22,0.1647,233,1,1
P0254,3545.08,2026-02-03,0.0291,33,0,1
P0255,4187.85,2026-02-15,0.0685,14,0,0
P0256,5177.46,2026-06-24,0.0881,54,0,1
P0257,4018.81,2028-09-25,0.2486,208,1,1
P0258,631.66,2026-09-01,0.0184,0,0,0
P0259,2233.01,2028-05-14,0.1623,195,1,1
P0260,4230.02,2027-02-17,0.0593,47,0,1
P0261,2092.27,2028-01-09,0.1355,69,1,1
P0262,4753.39,2028-01-01,0.0473,31,0,1
P0263,686.81,2028-03-10,0.2301,100,1,1
P0264,6082.59,2027-11-25,0.3077,177,1,1
P0265,1987.45,2028-09-18,0.1783,230,1,1
P0266,2815.99,2026-12-10,0.1578,100,1,1
P0267,2735.43,2026-04-01,0.0162,0,0,0
P0268,2417.45,2026-07-18,0.0885,108,0,1
P0269,2509.07,2027-06-19,0.1814,79,1,1
P0270,1928.85,2026-06-09,0.0049,39,0,1
P0271,4863.7,2026-10-31,0.1039,152,1,1
P0272,1673.02,2027-02-01,0.2102,92,1,1
P0273,2211.59,2026-09-06,0.0038,67,0,1
P0274,4471.03,2026-10-16,0.169,15,1,0
P0275,3659.71,2026-10-07,0.089,67,0,1
P0276,3364.65,2027-08-02,0.0776,32,0,1
P0277,4956.47,2026-10-15,0.1735,75,1,1
P0278,3104.93,2027-05-20,0.2047,49,1,1
P0279,1845.08,2026-12-04,0.4182,186,1,1
P0280,1900.0,2027-04-01,0.1829,59,1,1
P0281,4884.98,2026-07-27,0.1266,26,1,0
P0282,1777.9,2027-06-28,0.0824,58,0,1
P0283,4894.64,2028-01-24,0.0223,23,0,0
P0284,5110.29,2027-01-13,0.0772,43,0,1
P0285,1709.88,2027-05-15,0.0575,103,0,1
P0286,2520.12,2027-01-12,0.1212,103,1,1
P0287,4711.37,2026-11-01,0.052,0,0,0
P0288,2879.07,2026-10-01,-0.0067,0,0,0
P0289,516.79,2025-12-13,0.1861,42,1,1
P0290,1405.68,2028-04-21,-0.0067,20,0,0
P0291,3196.72,2026-08-22,0.1519,82,1,1
P0292,1839.39,2027-10-27,0.1017,56,1,1
P0293,3626.81,2026-06-01,-0.0068,0,0,0
P0294,3848.26,2027-07-31,0.1901,180,1,1
P0295,1397.84,2027-12-16,0.3829,168,1,1
P0296,1680.49,2026-05-03,0.0446,2,0,0
P0297,5772.91,2027-03-08,0.2333,97,1,1
P0298,778.82,2027-06-01,0.0651,0,0,0
P0299,5050.09,2028-02-12,0.5145,226,1,1
P0300,3723.06,2026-11-25,0.2372,116,1,1
P0301,3248.77,2026-11-01,0.0025,0,0,0
P0302,3467.82,2027-06-02,0.0171,1,0,0
P0303,4109.64,2027-07-17,0.079,16,0,0
P0304,3688.34,2027-03-13,0.0808,12,0,0
P0305,1339.58,2027-01-25,0.3183,85,1,1
P0306,3604.36,2027-06-01,0.028,0,0,0
P0307,2609.46,2026-06-21,0.2305,20,1,0
P0308,5503.28,2025-11-01,0.1144,0,1,0
P0309,3006.17,2027-11-03,0.4465,155,1,1
P0310,374.26,2027-04-01,0.0411,0,0,0
P0311,1893.9,2027-08-20,0.0538,80,0,1
P0312,3459.75,2027-06-01,0.0563,0,0,0
P0313,1261.93,2026-11-10,0.0197,70,0,1
P0314,644.64,2027-04-11,-0.0089,10,0,0
P0315,2630.83,2026-05-08,0.0792,68,0,1
P0316,3864.36,2026-01-22,0.2427,52,1,1
P0317,668.12,2026-06-01,0.0831,0,0,0
P0318,1216.89,2027-12-20,0.0294,19,0,0
P0319,2033.44,2027-01-16,0.0833,46,0,1
P0320,4233.38,2026-12-31,0.0292,30,0,0
P0321,3567.54,2028-06-21,0.1913,20,1,0
P0322,3009.39,2025-12-19,0.3461,79,1,1
P0323,3476.99,2028-10-10,0.4325,314,1,1
P0324,3955.31,2026-11-11,-0.0027,41,0,1
P0325,5076.57,2027-07-01,0.0361,0,0,0
P0326,2661.71,2026-10-01,0.2253,0,1,0
P0327,4190.02,2027-11-07,0.337,129,1,1
P0328,2252.69,2027-07-20,0.2194,110,1,1
P0329,571.25,2027-03-17,0.0366,44,0,1
P0330,3900.55,2026-06-04,0.0642,34,0,1
P0331,2036.55,2026-07-27,0.0243,26,0,0
P0332,1289.26,2027-07-04,0.1627,3,1,0
P0333,2024.51,2028-06-25,0.1515,55,1,1
P0334,2876.46,2028-03-07,0.2623,127,1,1
P0335,2874.68,2027-06-06,0.4358,125,1,1
P0336,4689.18,2026-11-13,0.2756,135,1,1
P0337,2302.14,2026-12-05,0.2018,34,1,1
P0338,5359.52,2027-01-03,0.1249,124,1,1
P0339,964.95,2027-03-27,0.146,54,1,1
P0340,4200.4,2027-10-28,-0.0186,27,0,0
P0341,4184.92,2027-08-18,-0.0109,17,0,0
P0342,3711.17,2027-08-01,0.0439,0,0,0
P0343,4483.73,2026-05-01,-0.0058,0,0,0
P0344,3411.06,2026-05-01,0.0398,0,0,0
P0345,5605.73,2027-05-28,0.2009,116,1,1
P0346,5335.99,2027-02-17,0.4715,169,1,1
P0347,1214.39,2028-07-17,0.139,107,1,1
P0348,5130.8,2027-07-28,0.4664,269,1,1
P0349,2717.01,2027-05-12,0.2157,192,1,1
P0350,5001.7,2027-01-15,0.0322,14,0,0
P0351,486.16,2027-12-24,0.1044,53,1,1
P0352,2718.72,2027-05-01,0.0878,61,0,1
P0353,1073.93,2027-04-22,0.0815,80,0,1
P0354,3160.7,2027-09-08,0.0867,7,0,0
P0355,3353.25,2027-08-21,0.1303,51,1,1
P0356,4775.85,2026-09-01,0.0657,0,0,0
P0357,3796.34,2026-10-01,0.0811,0,0,0
P0358,3171.31,2027-01-12,0.1524,11,1,0
P0359,636.71,2027-08-14,0.0139,13,0,0
P0360,1633.93,2025-12-23,0.2453,83,1,1
P0361,3627.63,2026-07-16,0.0118,15,0,0
P0362,3479.11,2026-01-11,0.1551,41,1,1
P0363,2481.92,2027-12-31,0.1619,213,1,1
P0364,5111.59,2027-08-09,0.1277,69,1,1
P0365,4094.65,2027-06-13,-0.0169,12,0,0
P0366,4710.46,2026-06-18,0.1146,48,1,1
P0367,1597.25,2026-02-26,-0.0114,25,0,0
P0368,2800.24,2028-05-01,0.1454,90,1,1
P0369,3687.0,2026-11-20,0.0769,19,0,0
P0370,1149.79,2027-05-09,0.0423,8,0,0
P0371,1895.38,2027-07-01,0.0519,0,0,0
P0372,4144.69,2026-04-01,0.006,0,0,0
P0373,4587.77,2027-05-26,0.1633,55,1,1
P0374,1886.62,2027-12-28,0.4601,88,1,1
P0375,4617.28,2026-05-05,0.1117,216,1,1
P0376,3173.11,2027-02-08,0.0156,69,0,1
P0377,4850.25,2026-08-12,0.0942,72,0,1
P0378,3310.81,2026-09-26,0.3138,148,1,1
P0379,5890.46,2027-01-05,0.5065,126,1,1
P0380,509.04,2027-03-11,0.079,130,0,1
P0381,670.41,2026-03-07,0.0539,65,0,1
P0382,408.56,2026-09-01,0.1817,0,1,0
P0383,1566.44,2026-12-05,0.0235,65,0,1
P0384,995.24,2027-02-14,0.2354,75,1,1
P0385,1099.6,2027-01-17,0.0389,47,0,1
P0386,1411.41,2026-11-08,0.0693,7,0,0
P0387,3048.41,2027-02-23,-0.0109,22,0,0
P0388,4566.8,2026-10-05,0.0347,4,0,0
P0389,2445.6,2027-08-10,0.4481,190,1,1
P0390,3050.66,2027-08-03,0.5457,124,1,1
P0391,1451.17,2027-01-20,0.0824,19,0,0
P0392,2260.46,2027-02-08,0.2046,69,1,1
P0393,2504.11,2027-09-16,0.2371,107,1,1
P0394,3100.87,2027-03-25,0.1842,83,1,1
P0395,3428.3,2026-11-04,0.1639,34,1,1
P0396,760.9,2026-11-01,-0.0037,0,0,0
P0397,4871.45,2028-06-17,0.0141,47,0,1
P0398,4008.1,2027-02-06,0.2048,158,1,1
P0399,2745.82,2027-09-06,-0.0162,5,0,0
P0400,3787.68,2027-12-16,0.4554,76,1,1
P0401,1677.21,2026-12-02,0.1316,62,1,1
P0402,4110.79,2027-01-01,0.0761,0,0,0
P0403,2322.15,2026-12-02,0.0485,62,0,1
P0404,3885.57,2026-10-05,0.1769,218,1,1
P0405,1392.11,2026-05-06,0.0502,35,0,1
P0406,1723.36,2027-01-10,0.2333,9,1,0
P0407,4282.95,2028-01-06,-0.0112,5,0,0
P0408,2216.67,2027-05-22,0.0254,21,0,0
P0409,5703.98,2027-07-13,0.4543,103,1,1
P0410,2109.84,2025-12-03,0.1822,32,1,1
P0411,5213.37,2027-06-09,0.4059,220,1,1
P0412,4702.37,2027-05-01,0.2065,0,1,0
P0413,2606.1,2026-09-27,0.1134,88,1,1
P0414,2998.91,2025-09-13,-0.0031,43,0,1
P0415,4149.72,2027-05-31,0.0625,30,0,0
P0416,2242.87,2026-07-06,0.2055,66,1,1
P0417,1180.06,2026-12-19,0.0612,18,0,0
P0418,3124.38,2027-08-29,0.0732,59,0,1
P0419,2253.45,2026-02-06,0.0647,5,0,0
P0420,983.46,2027-03-07,0.0987,126,0,1
P0421,1016.02,2027-01-07,0.0249,37,0,1
P0422,3817.08,2028-01-02,0.1668,154,1,1
P0423,6905.05,2026-07-02,0.4763,151,1,1
P0424,691.69,2027-08-28,0.102,88,1,1
P0425,3378.91,2027-06-29,0.3423,179,1,1
P0426,5237.06,2027-06-18,0.0796,17,0,0
P0427,1888.29,2026-10-16,0.264,137,1,1
P0428,4441.66,2026-08-04,0.17,34,1,1
P0429,4999.73,2026-07-17,0.0932,46,0,1
P0430,2475.46,2026-03-19,0.1187,46,1,1
P0431,4553.57,2025-10-12,0.0933,41,0,1
P0432,4808.65,2026-06-09,0.1447,39,1,1
P0433,431.18,2027-11-29,0.1805,59,1,1
P0434,3938.49,2027-11-21,0.2488,51,1,1
P0435,5046.48,2028-05-07,0.3146,96,1,1
P0436,2471.09,2026-12-30,0.1175,151,1,1
P0437,3759.79,2026-01-15,0.0384,75,0,1
P0438,3058.9,2026-12-01,0.0922,0,0,0
P0439,1003.09,2026-07-01,0.0443,0,0,0
P0440,1438.17,2027-01-09,0.3567,161,1,1
P0441,1521.57,2027-08-10,0.2146,70,1,1
P0442,2441.82,2027-10-21,0.2229,20,1,0
P0443,5444.33,2026-07-04,0.1805,64,1,1
P0444,2440.16,2026-12-17,-0.0195,16,0,0
P0445,3341.75,2026-09-05,0.3707,96,1,1
P0446,454.08,2027-05-04,0.0645,3,0,0
P0447,2434.52,2028-04-03,0.1765,185,1,1
P0448,1061.65,2027-07-03,0.2286,63,1,1
P0449,6570.16,2027-03-24,0.315,235,1,1
P0450,1177.79,2026-04-21,0.2036,20,1,0
P0451,5755.51,2026-04-04,0.4008,93,1,1
P0452,3181.02,2028-03-09,0.3373,99,1,1
P0453,4611.35,2026-03-08,0.0811,66,0,1
P0454,3255.99,2028-02-01,0.051,0,0,0
P0455,7172.31,2027-07-12,0.4547,223,1,1
P0456,5097.62,2027-02-17,0.1247,108,1,1
P0457,4147.06,2025-12-01,0.01,0,0,0
P0458,3881.54,2027-01-02,0.3138,215,1,1
P0459,4766.88,2026-09-26,0.1739,268,1,1
P0460,4443.77,2027-11-01,0.0985,0,0,0
P0461,4277.41,2026-09-28,0.0096,27,0,0
P0462,6464.15,2026-12-15,0.3279,197,1,1
P0463,5458.08,2025-12-01,0.1993,0,1,0
P0464,4204.43,2028-06-01,0.0582,0,0,0
P0465,5163.79,2025-10-13,0.2244,42,1,1
P0466,5463.71,2027-05-10,0.2722,129,1,1
P0467,1875.16,2027-12-09,0.1577,38,1,1
P0468,1395.4,2027-04-01,0.0452,0,0,0
P0469,5884.81,2027-10-06,0.3396,219,1,1
P0470,3953.47,2027-03-09,0.3841,220,1,1
P0471,1422.0,2027-11-01,0.0774,0,0,0
P0472,5027.72,2027-02-11,0.0295,10,0,0
P0473,4236.96,2027-12-15,0.0966,44,0,1
P0474,5138.2,2025-12-01,0.0725,0,0,0
P0475,3874.66,2028-08-18,0.1147,139,1,1
P0476,5047.19,2025-12-30,0.5069,59,1,1
P0477,3810.01,2026-03-19,0.0968,18,0,0
P0478,5063.05,2026-12-22,0.3535,324,1,1
P0479,2121.61,2028-01-01,0.1642,0,1,0
P0480,3988.88,2027-06-26,0.0772,176,0,1
P0481,2467.37,2025-08-17,0.0572,16,0,0
P0482,3645.36,2026-04-01,0.0588,0,0,0
P0483,5595.62,2028-04-03,0.3159,124,1,1
P0484,4744.0,2028-03-16,0.012,15,0,0
P0485,2592.49,2028-04-09,0.073,39,0,1
P0486,3304.42,2026-08-07,0.1525,98,1,1
P0487,3826.58,2026-06-17,0.0133,16,0,0
P0488,4885.56,2026-02-03,0.2112,94,1,1
P0489,1305.18,2027-03-29,0.2196,148,1,1
P0490,4889.84,2027-09-11,0.0855,41,0,1
P0491,840.03,2026-01-29,0.0778,28,0,0
P0492,2698.46,2026-08-01,0.0222,0,0,0
P0493,3768.36,2026-07-19,0.0225,18,0,0
P0494,700.53,2027-04-29,0.1022,87,1,1
P0495,1344.1,2028-01-01,0.0019,0,0,0
P0496,591.36,2026-08-01,0.2497,31,1,1
P0497,3178.2,2027-02-01,-0.0099,0,0,0
P0498,3088.98,2027-10-05,0.0384,34,0,1
P0499,648.66,2027-01-14,0.2382,74,1,1
P0500,1104.16,2027-12-27,0.3936,240,1,1
P0501,3635.21,2025-11-03,0.0516,2,0,0
P0502,2219.71,2027-03-01,0.209,0,1,0
P0503,1052.27,2025-07-01,0.0667,0,0,0
P0504,1301.85,2027-11-01,0.0916,0,0,0
P0505,1834.85,2028-04-11,0.0019,41,0,1
P0506,929.38,2027-01-22,0.0915,21,0,0
P0507,4654.84,2027-03-01,0.0183,0,0,0
P0508,4042.3,2027-07-14,0.0797,43,0,1
P0509,5070.44,2027-12-22,0.3132,174,1,1
P0510,2907.04,2027-10-05,0.2585,308,1,1
P0511,3276.29,2026-05-17,0.0625,16,0,0
P0512,3108.15,2027-08-10,0.2447,70,1,1
P0513,3008.55,2026-12-01,0.0612,0,0,0
P0514,4144.12,2027-05-08,0.19,96,1,1
P0515,3779.59,2027-08-17,0.0649,47,0,1
P0516,4488.7,2026-11-30,0.1594,60,1,1
P0517,3530.89,2027-02-07,0.0908,68,0,1
P0518,579.3,2027-04-17,0.1186,47,1,1
P0519,3753.46,2027-05-30,0.0373,29,0,0
P0520,2253.7,2026-10-01,-0.0157,0,0,0
P0521,3555.15,2027-04-09,0.0777,39,0,1
P0522,3861.4,2027-04-01,0.0781,0,0,0
P0523,956.97,2026-10-03,0.127,63,1,1
P0524,3522.99,2026-02-19,0.2048,18,1,0
P0525,3018.4,2027-06-09,0.3277,69,1,1
P0526,5336.85,2027-07-07,0.1323,156,1,1
P0527,3903.25,2027-10-22,0.0618,21,0,0
P0528,4069.0,2027-08-19,0.2571,171,1,1
P0529,2824.65,2026-01-01,0.0399,0,0,0
P0530,6113.37,2028-01-09,0.4355,130,1,1
P0531,1805.36,2027-02-04,0.1978,65,1,1
P0532,2768.87,2027-10-01,0.1561,92,1,1
P0533,3049.04,2026-06-12,0.282,42,1,1
P0534,4287.47,2026-07-29,0.0518,28,0,0
P0535,5919.46,2027-06-18,0.3247,199,1,1
P0536,4498.48,2028-02-02,0.2185,32,1,1
P0537,2827.98,2026-06-08,0.4748,68,1,1
P0538,3105.36,2027-12-05,0.1662,95,1,1
P0539,2256.7,2027-07-01,0.2367,0,1,0
P0540,4270.32,2027-01-01,0.0572,0,0,0
P0541,647.82,2027-06-07,0.441,126,1,1
P0542,7350.24,2027-08-21,0.4747,20,1,0
P0543,5178.65,2028-05-01,0.0732,61,0,1
P0544,3494.76,2027-05-17,0.0965,105,0,1
P0545,1793.4,2027-07-01,0.0068,61,0,1
P0546,2626.08,2026-12-09,0.054,38,0,1
P0547,2413.24,2027-06-05,0.0206,4,0,0
P0548,517.48,2026-12-01,0.0062,0,0,0
P0549,7154.31,2028-09-26,0.4502,209,1,1
P0550,4091.09,2027-06-05,0.2413,35,1,1
P0551,1086.89,2026-05-25,0.2433,85,1,1
P0552,4214.04,2026-08-14,0.2473,135,1,1
P0553,1523.68,2027-10-21,0.0131,50,0,1
P0554,3969.4,2026-07-15,0.0502,105,0,1
P0555,1372.81,2027-10-31,0.0733,30,0,0
P0556,2949.47,2026-09-20,0.2694,142,1,1
P0557,2709.25,2028-07-08,0.1532,281,1,1
P0558,5602.25,2027-09-23,0.1366,53,1,1
P0559,2799.57,2026-08-01,0.2138,122,1,1
P0560,3202.82,2027-06-11,0.1248,10,1,0
P0561,3383.48,2027-01-09,0.5392,161,1,1
P0562,3187.05,2026-07-03,0.0662,2,0,0
P0563,2972.5,2026-07-08,0.5083,157,1,1
P0564,4414.92,2026-10-14,-0.0097,43,0,1
P0565,2772.04,2027-04-25,0.1293,55,1,1
P0566,5381.86,2027-12-17,0.1501,16,1,0
P0567,4890.28,2027-03-18,0.0565,107,0,1
P0568,1077.02,2027-02-01,0.0,0,0,0
P0569,5208.01,2026-11-29,0.055,151,0,1
P0570,3248.63,2027-11-22,0.3707,174,1,1
P0571,2789.91,2026-07-21,0.1946,20,1,0
P0572,5881.16,2027-02-15,0.1881,106,1,1
P0573,523.44,2027-04-14,0.0309,13,0,0
P0574,3154.78,2027-04-16,0.0193,46,0,1
P0575,4834.08,2026-12-10,0.0844,70,0,1
P0576,462.18,2026-09-01,0.0867,62,0,1
P0577,5778.15,2026-10-20,0.3662,233,1,1
P0578,860.89,2026-08-12,0.0957,11,0,0
P0579,5045.65,2025-10-07,0.0722,67,0,1
P0580,494.89,2026-01-21,0.3833,20,1,0
P0581,1896.77,2027-02-28,0.1803,89,1,1
P0582,4833.73,2026-11-26,-0.0003,86,0,1
P0583,895.74,2027-05-23,0.1359,52,1,1
P0584,3284.86,2027-06-11,0.0137,41,0,1
P0585,1923.58,2027-05-13,0.2136,42,1,1
P0586,2456.1,2028-02-28,0.128,89,1,1
P0587,2087.03,2027-07-01,0.0048,0,0,0
P0588,462.11,2027-03-01,0.0484,0,0,0
P0589,2883.44,2028-01-03,0.0821,63,0,1
P0590,2902.79,2027-03-24,0.2398,113,1,1
P0591,544.63,2026-10-14,0.0485,13,0,0
P0592,5394.67,2026-08-26,0.3138,25,1,0
P0593,4335.79,2027-03-23,0.0705,22,0,0
P0594,5074.5,2027-03-11,0.0892,191,0,1
P0595,2183.54,2027-01-01,0.0616,0,0,0
P0596,4437.01,2026-09-19,0.0062,18,0,0
P0597,664.38,2027-10-31,0.072,30,0,0
P0598,801.42,2026-11-20,0.0688,19,0,0
P0599,578.88,2027-12-18,0.0568,17,0,0
P0600,1976.68,2026-10-20,0.1307,19,1,0
